task,round,global_round,task_progress,acc,prec_mic,prec_mac,prec_wei,rec_mic,rec_mac,rec_wei,f1_mic,f1_mac,f1_wei,fpr,loss
0,1,1,0.025,85.5936,85.5936,83.4975,87.6092,85.5936,86.7142,85.5936,85.5936,84.2729,86.0134,22.2674,0.476403
0,2,2,0.05,66.6568,66.6568,58.2949,66.5295,66.6568,53.1821,66.6568,66.6568,51.9328,62.1711,0.0402,0.917375
0,3,3,0.075,95.0689,95.0689,92.5689,95.6882,95.0689,94.7511,95.0689,95.0689,93.3757,95.2278,8.4528,0.153375
0,4,4,0.1,95.5405,95.5405,92.8936,95.8548,95.5405,94.9484,95.5405,95.5405,93.8097,95.6245,7.7339,0.133468
0,5,5,0.125,95.6774,95.6774,93.0617,95.9604,95.6774,95.0591,95.6774,95.6774,93.9607,95.7513,7.4744,0.123652
0,6,6,0.15,92.9723,92.9723,90.6048,93.4633,92.9723,92.7194,92.9723,92.9723,91.4812,93.0288,12.9065,0.215574
0,7,7,0.175,70.2143,70.2143,77.5399,83.287,70.2143,66.098,70.2143,70.2143,61.0953,70.2087,42.6879,1.303475
0,8,8,0.2,95.4008,95.4008,92.8586,95.9994,95.4008,95.1328,95.4008,95.4008,93.7216,95.5578,7.8966,0.141797
0,9,9,0.225,91.2617,91.2617,89.7657,93.2032,91.2617,84.9177,91.2617,91.2617,84.4141,90.8295,7.2605,0.290113
0,10,10,0.25,95.5459,95.5459,93.1173,96.0192,95.5459,95.1418,95.5459,95.5459,93.9201,95.6728,7.5049,0.125089
0,11,11,0.275,95.7084,95.7084,93.3227,96.2225,95.7084,95.4074,95.7084,95.7084,94.133,95.8453,7.3663,0.121405
0,12,12,0.3,84.3062,84.3062,83.8922,89.638,84.3062,80.2136,84.3062,84.3062,78.6464,84.8501,26.4426,0.768544
0,13,13,0.325,95.5869,95.5869,93.1577,96.1388,95.5869,95.2621,95.5869,95.5869,93.9612,95.7323,7.6082,0.136295
0,14,14,0.35,95.5336,95.5336,93.0189,95.7998,95.5336,94.8106,95.5336,95.5336,93.8245,95.6094,7.4296,0.137974
0,15,15,0.375,95.6362,95.6362,93.0474,95.9526,95.6362,95.036,95.6362,95.6362,93.9289,95.7236,7.5396,0.131296
0,16,16,0.4,91.3561,91.3561,88.4236,92.9824,91.3561,92.1514,91.3561,91.3561,89.5438,91.5296,21.2259,0.220145
0,17,17,0.425,95.7579,95.7579,93.3436,96.2701,95.7579,95.5139,95.7579,95.7579,94.1966,95.8921,7.4189,0.121166
0,18,18,0.45,95.7317,95.7317,93.1459,96.0222,95.7317,95.1502,95.7317,95.7317,94.0446,95.8087,7.4645,0.124283
0,19,19,0.475,95.7458,95.7458,93.1731,96.0412,95.7458,95.1929,95.7458,95.7458,94.0771,95.8244,7.402,0.123992
0,20,20,0.5,95.6945,95.6945,93.1624,95.982,95.6945,95.1634,95.6945,95.6945,94.0601,95.7647,7.7932,0.121481
0,21,21,0.525,95.9248,95.9248,93.3904,96.2127,95.9248,95.3684,95.9248,95.9248,94.2774,95.9999,7.2677,0.11306
0,22,22,0.55,89.2774,89.2774,86.2855,90.0839,89.2774,89.2257,89.2774,89.2774,87.4322,89.4056,21.0674,0.278689
0,23,23,0.575,95.9333,95.9333,93.5849,96.4432,95.9333,95.6733,95.9333,95.9333,94.3985,96.0689,7.0309,0.1094
0,24,24,0.6,95.9639,95.9639,93.5964,96.4974,95.9639,95.7574,95.9639,95.9639,94.4348,96.1044,7.1144,0.108058
0,25,25,0.625,95.9666,95.9666,93.4233,96.2622,95.9666,95.426,95.9666,95.9666,94.3193,96.0438,7.2281,0.110616
0,26,26,0.65,96.007,96.007,93.4549,96.3106,96.007,95.5148,96.007,96.007,94.3746,96.0866,7.1139,0.107827
0,27,27,0.675,95.957,95.957,93.4148,96.2491,95.957,95.4455,95.957,95.957,94.3247,96.0338,7.1303,0.109778
0,28,28,0.7,95.9572,95.9572,93.3641,96.2628,95.9572,95.4834,95.9572,95.9572,94.3111,96.0297,7.5572,0.110348
0,29,29,0.725,95.9907,95.9907,93.4289,96.2894,95.9907,95.4993,95.9907,95.9907,94.3553,96.0671,7.2015,0.108231
0,30,30,0.75,82.7526,82.7526,82.2197,84.557,82.7526,82.6557,82.7526,82.7526,81.6847,82.7822,18.4073,0.792888
0,31,31,0.775,95.949,95.949,93.5722,96.4662,95.949,95.7312,95.949,95.949,94.4182,96.0842,7.2131,0.109202
0,32,32,0.8,89.0454,89.0454,86.0613,89.7955,89.0454,89.0507,89.0454,89.0454,87.2326,89.1343,22.0518,0.248955
0,33,33,0.825,95.9812,95.9812,93.6041,96.5063,95.9812,95.7886,95.9812,95.9812,94.4591,96.1194,7.1207,0.106235
0,34,34,0.85,89.0177,89.0177,86.0516,89.7915,89.0177,89.0181,89.0177,89.0177,87.2135,89.1229,21.5752,0.248102
0,35,35,0.875,96.0207,96.0207,93.4576,96.3221,96.0207,95.5359,96.0207,96.0207,94.3869,96.0961,7.283,0.107462
0,36,36,0.9,95.629,95.629,93.1408,95.9228,95.629,95.1304,95.629,95.629,94.0296,95.6995,8.0157,0.124015
0,37,37,0.925,95.7238,95.7238,93.226,96.0123,95.7238,95.1878,95.7238,95.7238,94.1042,95.7963,7.6982,0.122688
0,38,38,0.95,95.9635,95.9635,93.4018,96.2679,95.9635,95.4989,95.9635,95.9635,94.3385,96.0363,7.5546,0.110299
0,39,39,0.975,95.948,95.948,93.6045,96.4664,95.948,95.698,95.948,95.948,94.4158,96.0845,7.0857,0.109597
0,40,40,1.0,95.9877,95.9877,93.6109,96.5038,95.9877,95.784,95.9877,95.9877,94.4654,96.124,7.0941,0.107821
1,1,41,1.0125,61.9699,61.9699,59.9194,84.7727,61.9699,73.7103,61.9699,61.9699,55.4045,64.4811,77.184,2.937328
1,2,42,1.025,61.1633,61.1633,60.1056,85.2306,61.1633,73.567,61.1633,61.1633,54.9078,64.0091,76.9812,3.231048
1,3,43,1.0375,61.2883,61.2883,60.4377,85.4636,61.2883,73.5754,61.2883,61.2883,55.2355,64.4473,75.6115,3.300093
1,4,44,1.05,61.2553,61.2553,59.5528,84.528,61.2553,73.5464,61.2553,61.2553,54.7063,63.8211,75.7172,3.347677
1,5,45,1.0625,62.0868,62.0868,59.8664,84.5383,62.0868,74.0674,62.0868,62.0868,55.5917,64.8524,73.2282,3.224299
1,6,46,1.075,61.6223,61.6223,58.4422,81.617,61.6223,72.7224,61.6223,61.6223,54.9577,64.5602,73.0452,3.121377
1,7,47,1.0875,60.6802,60.6802,59.2316,84.3426,60.6802,72.2088,60.6802,60.6802,53.7695,63.5772,71.5482,3.178242
1,8,48,1.1,59.0355,59.0355,57.5435,80.4991,59.0355,70.4745,59.0355,59.0355,52.8203,62.2731,72.6016,3.301618
1,9,49,1.1125,63.7904,63.7904,60.8861,85.0999,63.7904,74.6129,63.7904,63.7904,57.352,66.9709,68.2843,3.068981
1,10,50,1.125,61.429,61.429,60.7304,85.0294,61.429,72.742,61.429,61.429,55.5236,65.1834,68.3088,3.191202
1,11,51,1.1375,61.893,61.893,59.954,84.7345,61.893,72.8226,61.893,61.893,55.0501,65.2671,67.3266,3.219351
1,12,52,1.15,63.321,63.321,60.2741,84.1562,63.321,74.4792,63.321,63.321,57.0009,66.81,65.605,3.175046
1,13,53,1.1625,63.5975,63.5975,60.2553,84.1052,63.5975,74.6951,63.5975,63.5975,57.183,67.117,64.1223,3.157688
1,14,54,1.175,63.1658,63.1658,60.4951,84.7802,63.1658,74.3519,63.1658,63.1658,56.7806,66.7202,67.7488,3.133265
1,15,55,1.1875,63.3545,63.3545,61.1328,85.6343,63.3545,74.5818,63.3545,63.3545,57.2006,67.2217,66.4645,3.110383
1,16,56,1.2,57.3587,57.3587,58.1423,82.2152,57.3587,70.5671,57.3587,57.3587,51.6491,59.4208,80.9454,3.433107
1,17,57,1.2125,61.1681,61.1681,60.2834,85.0342,61.1681,72.5421,61.1681,61.1681,54.7298,63.608,74.2389,3.146377
1,18,58,1.225,60.2824,60.2824,60.1106,84.9116,60.2824,72.2562,60.2824,60.2824,54.0902,62.9661,75.197,3.229902
1,19,59,1.2375,60.0831,60.0831,60.3272,83.9012,60.0831,72.2111,60.0831,60.0831,54.7676,62.9629,75.533,3.331583
1,20,60,1.25,62.476,62.476,60.8489,85.2286,62.476,74.6416,62.476,62.476,56.537,65.2587,73.7757,3.276244
1,21,61,1.2625,60.5281,60.5281,59.9369,85.5098,60.5281,73.4744,60.5281,60.5281,54.0328,62.0585,83.0244,3.231724
1,22,62,1.275,61.8552,61.8552,60.7649,85.7738,61.8552,74.1434,61.8552,61.8552,55.6151,63.9626,79.0667,3.300891
1,23,63,1.2875,61.9635,61.9635,62.9638,87.4817,61.9635,74.0999,61.9635,61.9635,56.3516,65.1269,77.5697,3.567179
1,24,64,1.3,60.493,60.493,62.9805,87.1449,60.493,73.5069,60.493,60.493,55.4949,62.408,84.513,3.684322
1,25,65,1.3125,60.3474,60.3474,61.3297,86.4516,60.3474,72.2312,60.3474,60.3474,54.2231,63.6825,76.0065,3.701683
1,26,66,1.325,59.3823,59.3823,61.2414,86.3888,59.3823,71.851,59.3823,59.3823,53.581,62.3575,79.3217,3.839854
1,27,67,1.3375,58.3755,58.3755,60.6997,85.8777,58.3755,71.3205,58.3755,58.3755,52.6274,60.6144,82.499,4.180128
1,28,68,1.35,59.3996,59.3996,60.9792,86.1359,59.3996,71.6852,59.3996,59.3996,53.5471,62.7456,76.9538,3.796566
1,29,69,1.3625,59.3205,59.3205,61.0047,86.0124,59.3205,71.7902,59.3205,59.3205,53.6589,62.6613,76.4168,3.836556
1,30,70,1.375,60.402,60.402,61.5524,86.1674,60.402,72.2638,60.402,60.402,54.796,63.995,73.5665,3.700076
1,31,71,1.3875,60.4658,60.4658,61.7714,86.4529,60.4658,72.3083,60.4658,60.4658,54.9433,64.5467,71.6325,3.770266
1,32,72,1.4,64.0575,64.0575,64.775,87.9377,64.0575,75.6318,64.0575,64.0575,59.5078,67.8746,71.7156,3.592071
1,33,73,1.4125,58.4456,58.4456,61.6813,86.1083,58.4456,71.8034,58.4456,58.4456,53.5005,60.0509,85.4518,3.877263
1,34,74,1.425,58.5431,58.5431,60.0728,82.7935,58.5431,70.8647,58.5431,58.5431,53.7303,61.9926,77.6934,3.888036
1,35,75,1.4375,60.9686,60.9686,63.7215,87.6175,60.9686,74.8389,60.9686,60.9686,57.0487,64.1916,78.5853,3.925157
1,36,76,1.45,60.3859,60.3859,63.7017,87.4738,60.3859,73.7014,60.3859,60.3859,56.5353,63.8783,78.9633,3.914178
1,37,77,1.4625,61.663,61.663,64.4529,87.8925,61.663,75.3553,61.663,61.663,58.0608,64.9945,77.8868,3.911773
1,38,78,1.475,58.9144,58.9144,61.4179,83.5698,58.9144,72.2323,58.9144,58.9144,55.3737,62.6614,80.5198,4.048891
1,39,79,1.4875,61.2701,61.2701,63.645,87.7865,61.2701,75.2422,61.2701,61.2701,56.7046,63.4828,83.3567,4.043412
1,40,80,1.5,61.9773,61.9773,64.7609,88.1211,61.9773,75.5311,61.9773,61.9773,58.206,64.7903,80.5766,3.982494
1,41,81,1.5125,62.091,62.091,65.1819,88.4378,62.091,75.6481,62.091,62.091,58.6258,65.348,79.5078,4.005767
1,42,82,1.525,60.186,60.186,63.2098,87.1812,60.186,73.6191,60.186,60.186,55.9053,63.0712,79.6929,4.00719
1,43,83,1.5375,62.0644,62.0644,64.9668,88.2885,62.0644,75.643,62.0644,62.0644,58.429,65.143,80.0143,4.021283
1,44,84,1.55,62.5926,62.5926,64.8911,88.1978,62.5926,75.9018,62.5926,62.5926,58.6477,65.6686,79.1881,3.992733
1,45,85,1.5625,62.5235,62.5235,65.0401,88.1938,62.5235,75.9146,62.5235,62.5235,58.7552,65.5086,79.7554,4.008343
1,46,86,1.575,60.7554,60.7554,63.4631,87.1238,60.7554,74.0145,60.7554,60.7554,56.4869,63.7084,78.7015,3.99654
1,47,87,1.5875,60.5439,60.5439,63.3028,87.0852,60.5439,73.8602,60.5439,60.5439,56.2142,63.4399,79.0995,3.996425
1,48,88,1.6,62.4938,62.4938,64.4995,87.9877,62.4938,75.8769,62.4938,62.4938,58.3072,65.4069,79.2062,3.996109
1,49,89,1.6125,62.4422,62.4422,64.5959,88.0311,62.4422,75.8754,62.4422,62.4422,58.3571,65.3595,79.4577,4.026973
1,50,90,1.625,60.5309,60.5309,62.889,86.9334,60.5309,73.9492,60.5309,60.5309,55.8378,63.205,79.5986,4.028094
1,51,91,1.6375,60.7253,60.7253,62.7866,86.9066,60.7253,74.0615,60.7253,60.7253,55.8451,63.349,79.2871,4.041935
1,52,92,1.65,62.3158,62.3158,64.5429,88.0923,62.3158,75.8854,62.3158,62.3158,58.1367,64.7793,81.3123,4.113536
1,53,93,1.6625,62.2328,62.2328,64.6479,88.2169,62.2328,75.8158,62.2328,62.2328,58.1949,64.9792,80.5919,4.085821
1,54,94,1.675,62.7512,62.7512,64.7855,88.1066,62.7512,76.1099,62.7512,62.7512,58.6573,65.5343,79.8206,4.077818
1,55,95,1.6875,62.2903,62.2903,64.3715,87.9724,62.2903,75.8538,62.2903,62.2903,58.0311,64.9651,80.6177,4.093904
1,56,96,1.7,61.053,61.053,62.7649,86.9598,61.053,74.2443,61.053,61.053,55.9191,63.5265,79.6499,4.090225
1,57,97,1.7125,62.7485,62.7485,64.8132,88.2741,62.7485,76.244,62.7485,62.7485,58.589,65.3643,80.5824,4.096936
1,58,98,1.725,62.8126,62.8126,64.7558,88.2323,62.8126,76.2477,62.8126,62.8126,58.5154,65.2299,81.2236,4.155755
1,59,99,1.7375,63.1321,63.1321,64.7159,88.243,63.1321,76.4311,63.1321,63.1321,58.6808,65.6133,80.3463,4.134367
1,60,100,1.75,63.019,63.019,65.0052,88.2506,63.019,76.3074,63.019,63.019,58.9472,65.7592,79.8291,4.10763
1,61,101,1.7625,62.9246,62.9246,64.5664,87.4989,62.9246,76.3561,62.9246,62.9246,58.768,65.5492,80.0815,4.129665
1,62,102,1.775,62.805,62.805,64.7816,87.9227,62.805,76.2014,62.805,62.805,58.7422,65.4687,80.2322,4.141576
1,63,103,1.7875,62.9779,62.9779,64.6549,87.6895,62.9779,76.3946,62.9779,62.9779,58.8071,65.5738,80.0919,4.119326
1,64,104,1.8,62.9074,62.9074,64.4539,87.3942,62.9074,76.3485,62.9074,62.9074,58.6878,65.495,80.1629,4.149525
1,65,105,1.8125,62.8904,62.8904,64.689,87.9392,62.8904,76.3131,62.8904,62.8904,58.7159,65.5559,79.993,4.135481
1,66,106,1.825,62.9972,62.9972,64.6202,87.6365,62.9972,76.402,62.9972,62.9972,58.8124,65.6282,79.9219,4.128016
1,67,107,1.8375,63.024,63.024,64.7437,87.8144,63.024,76.3863,63.024,63.024,58.8766,65.6839,79.8217,4.136249
1,68,108,1.85,62.9418,62.9418,64.5357,87.7755,62.9418,76.3726,62.9418,62.9418,58.626,65.5008,80.2224,4.134152
1,69,109,1.8625,62.7686,62.7686,64.5101,87.3837,62.7686,76.2375,62.7686,62.7686,58.6935,65.4151,80.1925,4.142843
1,70,110,1.875,62.7849,62.7849,64.666,87.789,62.7849,76.3089,62.7849,62.7849,58.6761,65.3751,80.5003,4.161889
1,71,111,1.8875,62.7711,62.7711,64.7031,87.5678,62.7711,76.2386,62.7711,62.7711,58.8049,65.4203,80.3188,4.157084
1,72,112,1.9,62.8301,62.8301,64.5927,87.6089,62.8301,76.334,62.8301,62.8301,58.7158,65.4542,80.1952,4.139384
1,73,113,1.9125,62.9844,62.9844,64.6648,87.6855,62.9844,76.3928,62.9844,62.9844,58.8377,65.6539,79.8279,4.143856
1,74,114,1.925,62.7579,62.7579,64.6844,88.0513,62.7579,76.2418,62.7579,62.7579,58.5819,65.3918,80.3994,4.149363
1,75,115,1.9375,62.7674,62.7674,64.5264,87.3474,62.7674,76.299,62.7674,62.7674,58.7334,65.418,80.1551,4.158699
1,76,116,1.95,62.7271,62.7271,64.5204,87.3953,62.7271,76.2841,62.7271,62.7271,58.6859,65.3475,80.2978,4.151581
1,77,117,1.9625,62.7674,62.7674,64.47,87.2846,62.7674,76.2948,62.7674,62.7674,58.7117,65.4491,80.0082,4.165078
1,78,118,1.975,62.7026,62.7026,64.5262,87.3462,62.7026,76.2491,62.7026,62.7026,58.6884,65.3133,80.4093,4.168043
1,79,119,1.9875,62.8587,62.8587,64.4539,87.3266,62.8587,76.3287,62.8587,62.8587,58.7348,65.5465,79.7385,4.151488
1,80,120,2.0,62.9381,62.9381,64.5977,87.5066,62.9381,76.3654,62.9381,62.9381,58.8474,65.6545,79.5523,4.139694
2,1,121,2.0125,44.1496,44.1496,44.8123,77.7527,44.1496,48.7332,44.1496,44.1496,32.7749,45.4837,97.5569,8.255995
2,2,122,2.025,51.0072,51.0072,51.1925,76.3222,51.0072,58.6791,51.0072,51.0072,42.0268,56.0609,87.2429,6.592441
2,3,123,2.0375,43.1217,43.1217,52.9976,81.1982,43.1217,56.4061,43.1217,43.1217,40.8956,47.8236,98.2827,7.451682
2,4,124,2.05,33.1476,33.1476,46.7111,80.9121,33.1476,45.2874,33.1476,33.1476,29.8835,36.1308,99.2639,8.550451
2,5,125,2.0625,38.2957,38.2957,53.1676,81.4226,38.2957,54.233,38.2957,38.2957,38.8485,42.9975,98.5325,7.781381
2,6,126,2.075,26.946,26.946,42.782,76.6399,26.946,40.9597,26.946,26.946,24.2729,28.2931,99.9146,9.333962
2,7,127,2.0875,43.8028,43.8028,54.0131,82.557,43.8028,57.5564,43.8028,43.8028,41.5158,48.0318,99.617,7.73595
2,8,128,2.1,26.3519,26.3519,36.2773,62.5898,26.3519,40.1891,26.3519,26.3519,22.8059,27.8139,99.9037,9.953773
2,9,129,2.1125,45.8784,45.8784,48.8368,70.3969,45.8784,58.9468,45.8784,45.8784,42.5092,50.3022,96.677,7.688655
2,10,130,2.125,28.069,28.069,40.5821,71.5669,28.069,41.6515,28.069,28.069,24.2955,29.0223,99.9958,8.939276
2,11,131,2.1375,39.6008,39.6008,52.4843,81.4066,39.6008,55.2348,39.6008,39.6008,39.379,44.5145,99.9152,8.328539
2,12,132,2.15,36.2803,36.2803,51.5107,75.5126,36.2803,52.9063,36.2803,36.2803,38.542,40.9347,99.9963,8.705895
2,13,133,2.1625,26.2301,26.2301,31.1569,40.258,26.2301,40.5541,26.2301,26.2301,25.0762,27.7997,99.9983,10.489441
2,14,134,2.175,26.5378,26.5378,31.0157,45.2145,26.5378,40.5171,26.5378,26.5378,24.3939,27.9808,99.9943,10.206138
2,15,135,2.1875,30.484,30.484,37.8771,58.6016,30.484,43.1828,30.484,30.484,27.9824,32.4269,99.9992,9.01939
2,16,136,2.2,41.2375,41.2375,50.1887,70.1751,41.2375,54.8966,41.2375,41.2375,40.8144,46.9997,96.2929,8.297395
2,17,137,2.2125,32.657,32.657,45.0525,76.1594,32.657,44.4945,32.657,32.657,28.9245,37.5745,99.9994,9.137799
2,18,138,2.225,34.3788,34.3788,49.5129,66.5477,34.3788,51.6488,34.3788,34.3788,38.3741,39.9478,98.0415,8.624756
2,19,139,2.2375,25.3543,25.3543,42.6156,73.4469,25.3543,40.2617,25.3543,25.3543,24.9824,27.3132,99.9995,9.893884
2,20,140,2.25,34.3763,34.3763,42.4315,67.2979,34.3763,45.5366,34.3763,34.3763,31.873,39.9608,96.9322,8.521305
2,21,141,2.2625,37.4081,37.4081,43.9035,70.6289,37.4081,46.5938,37.4081,37.4081,33.141,42.3482,99.8029,8.911802
2,22,142,2.275,23.8404,23.8404,40.9216,71.6044,23.8404,38.0858,23.8404,23.8404,24.3418,26.2419,99.9968,10.85122
2,23,143,2.2875,35.0588,35.0588,42.4908,65.8029,35.0588,46.1161,35.0588,35.0588,32.5439,40.4024,99.999,9.113813
2,24,144,2.3,41.9191,41.9191,53.268,81.0738,41.9191,56.2617,41.9191,41.9191,42.0832,47.0853,98.727,8.336425
2,25,145,2.3125,34.2145,34.2145,44.6484,78.3432,34.2145,46.3871,34.2145,34.2145,31.6368,39.4299,99.9991,8.838688
2,26,146,2.325,25.4503,25.4503,34.9059,53.871,25.4503,39.3767,25.4503,25.4503,23.8482,27.1988,99.9935,10.160747
2,27,147,2.3375,33.694,33.694,45.9153,79.1362,33.694,44.7507,33.694,33.694,31.4653,38.8427,99.9114,8.675946
2,28,148,2.35,28.53,28.53,42.4869,66.6508,28.53,42.143,28.53,28.53,28.2131,31.2274,99.9998,9.426352
2,29,149,2.3625,29.2752,29.2752,44.5778,75.6924,29.2752,42.8524,29.2752,29.2752,28.0882,32.2061,99.9828,9.34374
2,30,150,2.375,38.6372,38.6372,48.8542,70.5244,38.6372,46.6682,38.6372,38.6372,32.0837,44.9878,95.7136,7.787498
2,31,151,2.3875,33.846,33.846,44.7993,79.7934,33.846,45.2296,33.846,33.846,30.2246,38.68,99.9815,8.59975
2,32,152,2.4,36.8422,36.8422,50.3194,70.226,36.8422,53.9793,36.8422,36.8422,40.0322,42.2112,99.9995,9.003636
2,33,153,2.4125,42.6115,42.6115,51.8481,81.2125,42.6115,56.3871,42.6115,42.6115,40.8605,47.5622,98.3961,8.111527
2,34,154,2.425,40.5172,40.5172,48.098,69.5784,40.5172,54.737,40.5172,40.5172,39.8161,46.5118,96.2416,8.107389
2,35,155,2.4375,31.5046,31.5046,41.9615,65.6907,31.5046,43.2027,31.5046,31.5046,30.5218,35.3812,99.9952,9.567615
2,36,156,2.45,32.8739,32.8739,45.8607,79.3125,32.8739,45.0222,32.8739,32.8739,31.7391,37.6323,99.6735,8.810838
2,37,157,2.4625,31.2491,31.2491,43.0772,70.2061,31.2491,44.2615,31.2491,31.2491,30.213,35.5111,99.9954,9.126409
2,38,158,2.475,25.066,25.066,37.9705,63.6524,25.066,38.8629,25.066,25.066,24.1452,26.9988,99.9986,10.591275
2,39,159,2.4875,28.6365,28.6365,34.6956,51.5253,28.6365,41.9308,28.6365,28.6365,27.6874,31.0793,99.9988,10.02282
2,40,160,2.5,29.0011,29.0011,42.3302,67.2338,29.0011,43.0083,29.0011,29.0011,28.3712,31.4437,99.9992,9.318032
2,41,161,2.5125,31.6959,31.6959,46.1555,80.7082,31.6959,44.9381,31.6959,31.6959,30.2709,35.9102,99.5988,8.851056
2,42,162,2.525,32.2096,32.2096,46.9798,80.9337,32.2096,45.2234,32.2096,32.2096,31.06,36.904,98.6584,8.953409
2,43,163,2.5375,32.1007,32.1007,46.7143,80.7292,32.1007,45.0304,32.1007,32.1007,30.7885,36.608,99.5376,9.041622
2,44,164,2.55,23.6772,23.6772,37.2341,65.7573,23.6772,37.4084,23.6772,23.6772,23.6835,26.0527,99.9986,11.32554
2,45,165,2.5625,23.6328,23.6328,34.8888,58.3184,23.6328,36.5976,23.6328,23.6328,23.5013,26.0258,99.9992,11.652824
2,46,166,2.575,30.4128,30.4128,46.5832,80.7485,30.4128,44.0303,30.4128,30.4128,29.5509,34.0269,99.6345,9.164591
2,47,167,2.5875,30.6693,30.6693,46.6634,80.5239,30.6693,44.0794,30.6693,30.6693,29.8015,34.8378,99.0242,8.969069
2,48,168,2.6,41.0476,41.0476,53.4564,81.5227,41.0476,56.2734,41.0476,41.0476,41.811,46.658,97.8386,8.380532
2,49,169,2.6125,28.5543,28.5543,46.743,80.6479,28.5543,42.7365,28.5543,28.5543,28.4377,31.1983,99.9292,9.006998
2,50,170,2.625,36.4633,36.4633,45.8231,80.4597,36.4633,47.2448,36.4633,36.4633,32.7062,42.1954,98.3712,8.678337
2,51,171,2.6375,34.6326,34.6326,46.7219,80.8991,34.6326,46.3198,34.6326,34.6326,32.3461,40.1611,98.7059,8.855211
2,52,172,2.65,29.0274,29.0274,46.7742,80.7547,29.0274,43.3213,29.0274,29.0274,28.3836,31.7629,99.5656,9.269345
2,53,173,2.6625,28.8586,28.8586,41.7559,64.4576,28.8586,42.8995,28.8586,28.8586,28.2706,31.3595,99.998,9.558103
2,54,174,2.675,29.0804,29.0804,46.4794,80.6541,29.0804,43.3842,29.0804,29.0804,28.2238,31.7958,99.5713,9.291596
2,55,175,2.6875,25.2014,25.2014,37.2048,62.2144,25.2014,39.3108,25.2014,25.2014,23.6776,27.102,99.9977,9.807597
2,56,176,2.7,28.6601,28.6601,42.2277,67.2917,28.6601,42.5294,28.6601,28.6601,28.3254,31.2131,99.999,9.57438
2,57,177,2.7125,28.6419,28.6419,35.8918,50.5924,28.6419,42.5578,28.6419,28.6419,28.4827,31.2221,99.9983,9.294146
2,58,178,2.725,29.8164,29.8164,42.7043,67.2766,29.8164,43.5656,29.8164,29.8164,28.838,32.0833,99.9989,9.594041
2,59,179,2.7375,39.8658,39.8658,52.9762,81.4165,39.8658,49.0107,39.8658,39.8658,34.0401,45.2925,98.1092,8.174155
2,60,180,2.75,31.5813,31.5813,46.4574,80.3108,31.5813,44.6462,31.5813,31.5813,30.299,36.0529,99.2993,8.735627
2,61,181,2.7625,33.1468,33.1468,46.1753,80.299,33.1468,45.5146,33.1468,33.1468,31.1204,38.1756,99.4936,8.912081
2,62,182,2.775,41.0194,41.0194,53.1294,81.5146,41.0194,56.1784,41.0194,41.0194,41.4061,46.4834,98.1953,8.41633
2,63,183,2.7875,38.3309,38.3309,53.1358,81.5328,38.3309,48.1488,38.3309,38.3309,33.7194,44.0145,98.4752,8.518419
2,64,184,2.8,43.4092,43.4092,53.1585,81.359,43.4092,57.6219,43.4092,43.4092,42.4966,48.4406,97.7861,8.084828
2,65,185,2.8125,41.1684,41.1684,53.0358,81.401,41.1684,56.1594,41.1684,41.1684,41.5099,46.6785,98.084,8.180772
2,66,186,2.825,32.1677,32.1677,46.5885,80.7284,32.1677,44.9314,32.1677,32.1677,30.8783,37.2019,98.5797,8.685568
2,67,187,2.8375,40.4499,40.4499,53.1902,81.5623,40.4499,55.8634,40.4499,40.4499,41.2231,46.0426,98.2593,8.423782
2,68,188,2.85,31.7429,31.7429,46.6608,80.7778,31.7429,44.8163,31.7429,31.7429,30.5502,36.4639,98.6991,8.94887
2,69,189,2.8625,32.3127,32.3127,46.369,80.7247,32.3127,45.0297,32.3127,32.3127,30.6333,37.2263,98.7006,8.993551
2,70,190,2.875,39.037,39.037,53.1137,81.4902,39.037,48.4607,39.037,39.037,33.6928,44.6282,98.1808,8.414912
2,71,191,2.8875,25.0449,25.0449,28.2731,41.1105,25.0449,38.9962,25.0449,25.0449,23.3515,26.8719,99.9984,10.429714
2,72,192,2.9,42.5095,42.5095,53.0558,81.3886,42.5095,57.054,42.5095,42.5095,42.0002,47.75,97.9287,8.034083
2,73,193,2.9125,32.8189,32.8189,46.4001,80.8094,32.8189,45.3025,32.8189,32.8189,31.0896,37.9368,98.727,8.864673
2,74,194,2.925,25.1361,25.1361,35.5243,56.7843,25.1361,38.999,25.1361,25.1361,23.7465,26.9962,99.9983,10.270082
2,75,195,2.9375,32.2991,32.2991,46.3309,80.7808,32.2991,44.8443,32.2991,32.2991,30.4158,37.062,98.9315,9.027885
2,76,196,2.95,25.2503,25.2503,36.4266,58.3731,25.2503,39.5366,25.2503,25.2503,23.8683,27.1927,99.9987,10.072837
2,77,197,2.9625,25.2133,25.2133,36.7278,59.6315,25.2133,39.3648,25.2133,25.2133,23.7631,27.1823,99.9964,9.94727
2,78,198,2.975,31.648,31.648,46.4869,80.8754,31.648,44.6957,31.648,31.648,30.5045,36.3292,98.7688,8.850985
2,79,199,2.9875,38.5175,38.5175,56.0952,85.5507,38.5175,48.1495,38.5175,38.5175,34.4279,45.4243,98.1654,8.339903
2,80,200,3.0,38.5901,38.5901,48.7009,84.4361,38.5901,48.0119,38.5901,38.5901,34.5452,45.4972,98.2094,8.307416
3,1,201,3.0125,31.0976,31.0976,45.1098,87.7552,31.0976,40.4364,31.0976,31.0976,24.3419,35.5543,99.999,9.564614
3,2,202,3.025,43.8499,43.8499,44.9275,73.2199,43.8499,49.4372,43.8499,43.8499,36.2321,48.7237,93.1329,6.244666
3,3,203,3.0375,28.255,28.255,54.1108,84.0559,28.255,47.8471,28.255,28.255,30.9036,32.3562,99.6091,8.009949
3,4,204,3.05,36.6418,36.6418,50.0578,82.1092,36.6418,56.9304,36.6418,36.6418,35.347,40.7415,98.8289,6.489924
3,5,205,3.0625,31.4799,31.4799,52.4862,84.0839,31.4799,51.1331,31.4799,31.4799,31.096,35.4774,99.2036,6.906118
3,6,206,3.075,30.5537,30.5537,51.1427,83.4809,30.5537,51.7281,30.5537,30.5537,31.6572,34.211,99.1332,7.077705
3,7,207,3.0875,30.1663,30.1663,51.6291,83.7093,30.1663,51.4701,30.1663,30.1663,31.9738,34.5952,99.1974,7.089462
3,8,208,3.1,30.2856,30.2856,51.7936,83.6198,30.2856,52.0794,30.2856,30.2856,32.2058,34.1542,99.0181,7.032466
3,9,209,3.1125,30.6876,30.6876,52.4207,84.214,30.6876,52.2506,30.6876,30.6876,32.6758,34.4628,98.9945,7.220462
3,10,210,3.125,30.6876,30.6876,52.731,84.7861,30.6876,52.2599,30.6876,30.6876,32.7376,34.615,99.024,7.124435
3,11,211,3.1375,28.6176,28.6176,51.9431,83.7478,28.6176,49.5978,28.6176,28.6176,30.8187,32.9136,98.9626,7.29141
3,12,212,3.15,28.3125,28.3125,51.5551,83.297,28.3125,48.9912,28.3125,28.3125,30.2865,32.5463,99.0203,7.346007
3,13,213,3.1625,29.8102,29.8102,52.667,84.0886,29.8102,51.499,29.8102,29.8102,32.5007,34.1458,98.9096,7.007448
3,14,214,3.175,32.6711,32.6711,53.4996,85.1666,32.6711,53.5055,32.6711,32.6711,34.4058,37.6732,98.3639,6.817824
3,15,215,3.1875,32.9734,32.9734,51.9473,83.2956,32.9734,53.5041,32.9734,32.9734,33.9526,38.1707,97.6549,6.709594
3,16,216,3.2,34.4452,34.4452,52.3389,83.1306,34.4452,54.4374,34.4452,34.4452,35.3396,40.4763,96.893,6.615103
3,17,217,3.2125,34.0549,34.0549,52.2562,83.2399,34.0549,54.27,34.0549,34.0549,34.9147,39.7351,97.2136,6.588859
3,18,218,3.225,32.336,32.336,52.3813,83.8135,32.336,52.7732,32.336,32.336,33.6301,37.2725,98.2085,6.714141
3,19,219,3.2375,31.5443,31.5443,53.6563,84.8765,31.5443,51.9715,31.5443,31.5443,33.3499,36.2367,98.4133,6.8555
3,20,220,3.25,32.3286,32.3286,52.4962,83.8278,32.3286,52.5252,32.3286,32.3286,33.5216,37.2647,98.427,6.754088
3,21,221,3.2625,30.9791,30.9791,52.6887,84.0639,30.9791,51.8938,30.9791,30.9791,32.7663,35.1996,98.5796,6.897359
3,22,222,3.275,31.0908,31.0908,52.6878,83.9401,31.0908,51.5992,31.0908,31.0908,32.568,35.3961,98.4835,6.9077
3,23,223,3.2875,32.3946,32.3946,53.1429,84.1863,32.3946,52.528,32.3946,32.3946,33.4478,37.4284,97.8153,6.699414
3,24,224,3.3,31.8467,31.8467,52.5831,83.6632,31.8467,52.4745,31.8467,31.8467,33.1736,36.5134,98.0668,6.826477
3,25,225,3.3125,29.5721,29.5721,53.2248,84.3476,29.5721,50.8497,29.5721,29.5721,32.3005,34.0309,98.7414,7.054023
3,26,226,3.325,31.1298,31.1298,53.3879,85.0139,31.1298,51.8107,31.1298,31.1298,32.7834,35.4076,98.6535,6.917222
3,27,227,3.3375,28.536,28.536,53.4628,84.299,28.536,49.0414,28.536,28.536,30.4816,32.746,98.6151,7.482954
3,28,228,3.35,28.9998,28.9998,52.3645,83.4218,28.9998,50.4435,28.9998,28.9998,31.2564,33.2715,98.5465,7.067693
3,29,229,3.3625,29.223,29.223,52.582,83.6295,29.223,50.4557,29.223,29.223,31.4867,33.4905,98.5482,7.150752
3,30,230,3.375,31.4075,31.4075,53.1805,84.722,31.4075,52.1062,31.4075,31.4075,32.7952,35.5612,98.6595,7.045165
3,31,231,3.3875,28.8649,28.8649,52.3077,83.227,28.8649,50.2195,28.8649,28.8649,31.1225,32.9505,98.5478,7.329147
3,32,232,3.4,28.9349,28.9349,52.3412,83.7913,28.9349,49.9962,28.9349,28.9349,30.9628,32.9848,98.3842,7.435497
3,33,233,3.4125,31.9002,31.9002,53.4346,85.2096,31.9002,52.14,31.9002,31.9002,33.0709,36.3791,98.6158,6.970729
3,34,234,3.425,29.6716,29.6716,53.1077,84.2073,29.6716,50.8748,29.6716,29.6716,31.9754,33.9551,98.4763,7.21997
3,35,235,3.4375,30.4169,30.4169,52.3019,83.8688,30.4169,50.8589,30.4169,30.4169,31.4997,34.2133,98.467,7.36932
3,36,236,3.45,30.2085,30.2085,51.4861,82.8248,30.2085,50.7053,30.2085,30.2085,31.634,34.0233,98.4745,7.389863
3,37,237,3.4625,28.9237,28.9237,52.3024,83.305,28.9237,49.6133,28.9237,28.9237,30.3033,32.6836,98.4543,7.798615
3,38,238,3.475,29.3842,29.3842,52.9693,84.097,29.3842,49.2826,29.3842,29.3842,30.8694,33.5049,98.3661,7.664418
3,39,239,3.4875,31.3804,31.3804,52.4652,84.2619,31.3804,51.5413,31.3804,31.3804,32.3646,35.46,98.4324,7.147541
3,40,240,3.5,32.6709,32.6709,52.5713,84.6048,32.6709,52.3464,32.6709,32.6709,33.318,37.1291,98.3995,6.880572
3,41,241,3.5125,31.362,31.362,52.6445,84.4926,31.362,51.7145,31.362,31.362,32.5753,35.4415,98.5168,7.114691
3,42,242,3.525,31.5449,31.5449,52.227,84.2044,31.5449,51.8359,31.5449,31.5449,32.6163,35.7511,98.4873,7.121886
3,43,243,3.5375,31.3792,31.3792,52.4247,84.341,31.3792,51.6621,31.3792,31.3792,32.5288,35.476,98.4821,7.119701
3,44,244,3.55,32.2278,32.2278,52.0551,84.037,32.2278,52.2177,32.2278,32.2278,32.8609,36.5558,98.4391,6.934018
3,45,245,3.5625,33.3249,33.3249,51.6264,83.455,33.3249,52.7433,33.3249,33.3249,33.4474,38.1595,97.8855,6.776033
3,46,246,3.575,34.7678,34.7678,51.8842,82.7197,34.7678,53.3669,34.7678,34.7678,34.1619,40.1701,96.711,6.540319
3,47,247,3.5875,32.7742,32.7742,51.9596,83.6278,32.7742,52.5034,32.7742,32.7742,33.207,37.4349,97.9806,6.726842
3,48,248,3.6,30.9617,30.9617,52.4869,84.04,30.9617,51.5303,30.9617,30.9617,32.1731,34.7497,98.4994,7.184615
3,49,249,3.6125,29.4124,29.4124,52.2122,83.5253,29.4124,50.118,29.4124,29.4124,31.2039,33.4818,98.424,7.241926
3,50,250,3.625,31.1321,31.1321,52.2365,83.9681,31.1321,51.6003,31.1321,31.1321,32.2461,34.9784,98.4634,7.227153
3,51,251,3.6375,30.0812,30.0812,52.6258,83.9276,30.0812,50.8321,30.0812,30.0812,31.8622,34.2935,98.4608,7.181714
3,52,252,3.65,32.0455,32.0455,52.1003,84.0727,32.0455,52.1436,32.0455,32.0455,32.7582,36.2835,98.4524,7.005115
3,53,253,3.6625,31.0596,31.0596,52.0329,83.8727,31.0596,51.5069,31.0596,31.0596,32.2626,35.1516,98.4138,7.21314
3,54,254,3.675,31.7801,31.7801,51.8932,83.95,31.7801,51.9737,31.7801,31.7801,32.6276,35.9022,98.4106,7.167594
3,55,255,3.6875,32.6564,32.6564,52.0048,83.7292,32.6564,52.5799,32.6564,32.6564,33.2241,37.3022,98.1611,6.928307
3,56,256,3.7,30.7428,30.7428,52.4485,84.0579,30.7428,51.2227,30.7428,30.7428,31.9604,34.56,98.3563,7.340823
3,57,257,3.7125,32.5867,32.5867,52.1162,83.8221,32.5867,52.4945,32.5867,32.5867,33.1536,37.221,98.1746,6.8795
3,58,258,3.725,30.8369,30.8369,52.2527,84.0279,30.8369,51.2108,30.8369,30.8369,31.9715,34.6768,98.3942,7.295617
3,59,259,3.7375,28.8045,28.8045,51.7,83.5924,28.8045,49.4136,28.8045,28.8045,30.5797,32.9607,98.3315,7.573185
3,60,260,3.75,31.4754,31.4754,52.6132,84.2069,31.4754,51.8352,31.4754,31.4754,32.596,35.6286,98.3806,7.219835
3,61,261,3.7625,31.3683,31.3683,51.9614,83.8919,31.3683,51.6056,31.3683,31.3683,32.4072,35.5832,98.3453,7.13646
3,62,262,3.775,31.2515,31.2515,52.4398,84.0766,31.2515,51.5129,31.2515,31.2515,32.3515,35.3885,98.3668,7.114169
3,63,263,3.7875,32.8494,32.8494,51.9061,83.6966,32.8494,52.5607,32.8494,32.8494,33.227,37.5092,98.1048,6.820394
3,64,264,3.8,33.0905,33.0905,51.9022,83.5518,33.0905,52.6291,33.0905,33.0905,33.3372,37.8636,97.893,6.772465
3,65,265,3.8125,31.354,31.354,52.0254,83.8999,31.354,51.5713,31.354,31.354,32.3874,35.5023,98.3873,7.088816
3,66,266,3.825,32.4736,32.4736,52.0411,83.8484,32.4736,52.3442,32.4736,32.4736,33.0043,36.9426,98.2423,6.8878
3,67,267,3.8375,32.5848,32.5848,52.6145,83.9081,32.5848,52.5524,32.5848,32.5848,33.243,37.2031,98.1325,6.867486
3,68,268,3.85,31.9086,31.9086,52.5497,84.2042,31.9086,52.1989,31.9086,31.9086,32.8147,36.1786,98.4223,7.025016
3,69,269,3.8625,30.2708,30.2708,52.4106,83.9103,30.2708,50.7566,30.2708,30.2708,31.7065,34.1465,98.377,7.431714
3,70,270,3.875,32.7143,32.7143,52.4081,83.7815,32.7143,52.6199,32.7143,32.7143,33.3152,37.4313,98.0419,6.903383
3,71,271,3.8875,31.6867,31.6867,52.2155,84.0993,31.6867,51.9337,31.6867,31.6867,32.5997,35.8336,98.4404,7.039303
3,72,272,3.9,32.0357,32.0357,52.1681,84.0727,32.0357,52.1547,32.0357,32.0357,32.7936,36.3049,98.4287,6.964104
3,73,273,3.9125,32.107,32.0299,52.267,84.2142,32.1689,52.2004,32.0359,32.1141,32.8248,36.5172,98.4165,7.033745
3,74,274,3.925,32.0667,32.2058,52.1611,83.9115,32.1991,52.1334,31.9515,32.1767,32.8189,36.5677,98.4251,7.104082
3,75,275,3.9375,32.103,32.1421,52.1446,83.9703,32.0545,52.1849,32.096,32.1473,32.7369,36.5411,98.4546,7.175123
3,76,276,3.95,31.9273,32.0171,52.313,83.5948,32.223,52.3025,32.1292,32.1182,32.8607,36.5759,98.4244,7.246875
3,77,277,3.9625,32.0619,32.1502,52.3151,83.6712,32.0012,51.7945,32.1259,32.0406,32.8458,36.5481,98.4343,7.319343
3,78,278,3.975,32.1686,32.0851,52.47,83.7773,32.146,52.2325,32.1922,32.0902,32.7126,36.4594,98.4461,7.392537
3,79,279,3.9875,32.1663,32.125,52.2061,83.9379,32.0062,52.189,31.9451,32.098,32.7149,36.5641,98.427,7.466462
3,80,280,4.0,32.1034,32.0777,52.1569,83.9154,32.0589,52.0983,32.0769,32.1687,32.9296,36.4666,98.4293,7.541127
4,1,281,4.0125,31.9593,31.7815,51.9776,83.4282,31.9783,51.8369,31.9696,31.9582,32.6353,36.4419,98.4221,7.616538
4,2,282,4.025,32.0769,32.2275,52.4701,83.8614,32.0185,52.0885,32.0569,32.0462,32.771,36.5431,98.4316,7.692703
4,3,283,4.0375,32.1569,32.1161,52.2561,84.293,32.0448,52.2273,32.1906,32.2215,32.8766,36.5266,98.4323,7.76963
4,4,284,4.05,32.0722,32.088,52.2432,83.8393,32.2372,52.1401,32.147,31.9645,32.798,36.3074,98.4345,7.847327
4,5,285,4.0625,32.2415,32.2078,52.0986,83.8029,31.9912,52.1221,32.1314,32.117,32.8281,36.5381,98.4131,7.9258
4,6,286,4.075,32.0774,32.085,52.2998,83.7785,31.999,52.1114,31.9523,32.0954,32.9069,36.416,98.417,8.005058
4,7,287,4.0875,32.0824,32.0246,52.1803,83.9106,32.0332,52.1024,32.1239,32.1608,32.9771,36.3935,98.4164,8.085109
4,8,288,4.1,32.0132,32.1092,52.2977,83.9236,32.0713,52.2014,32.1804,32.0751,32.8535,36.4666,98.4287,8.16596
4,9,289,4.1125,32.0402,32.0491,52.2437,84.2,32.1904,52.1805,32.1125,32.0575,32.8482,36.5853,98.4244,8.247619
4,10,290,4.125,32.1529,32.1533,52.2087,83.9235,32.1228,51.9919,32.0603,32.2172,32.8167,36.5819,98.4423,8.330095
4,11,291,4.1375,32.0921,32.1311,52.3274,83.9011,32.137,52.0427,32.0437,32.0574,32.8497,36.4205,98.4469,8.413396
4,12,292,4.15,32.0252,32.0766,52.2133,83.809,32.1322,52.2211,32.1477,32.0923,32.9003,36.4843,98.4313,8.49753
4,13,293,4.1625,32.1319,32.1497,52.14,83.5148,32.0523,52.1292,31.992,32.0413,32.8806,36.4922,98.4185,8.582506
4,14,294,4.175,32.1754,32.1262,52.2876,83.7486,32.2024,52.0345,32.0557,32.1479,32.792,36.5858,98.4383,8.668331
4,15,295,4.1875,32.1074,32.0212,52.2209,83.8074,32.0431,52.0294,31.9884,32.1693,32.7767,36.5833,98.4195,8.755014
4,16,296,4.2,32.0696,32.153,52.1489,83.8375,32.0009,52.1147,32.0967,32.158,32.8945,36.5704,98.431,8.842564
4,17,297,4.2125,32.0368,32.1588,52.3066,83.7765,32.1239,52.0978,32.0172,32.1393,32.8122,36.4483,98.4349,8.93099
4,18,298,4.225,32.118,32.192,52.2444,83.8915,32.0786,52.0507,31.9922,32.1703,32.88,36.526,98.4214,9.0203
4,19,299,4.2375,31.9583,31.9446,52.2727,83.6659,32.1393,51.9848,32.0723,31.9601,32.7385,36.4552,98.4245,9.110503
4,20,300,4.25,32.0954,31.9812,52.3311,83.7642,32.0995,52.0051,32.1532,32.0638,32.8974,36.6895,98.4398,9.201608
4,21,301,4.2625,32.0043,32.0817,52.1852,83.9922,32.0753,51.9826,31.9769,32.1259,32.766,36.3861,98.4347,9.293624
4,22,302,4.275,32.1244,32.1253,52.115,83.9344,32.2038,52.1388,32.0757,32.0973,32.9029,36.4347,98.4287,9.38656
4,23,303,4.2875,32.0851,32.1643,52.3665,84.0879,32.0351,52.087,32.1207,32.0889,32.8584,36.4943,98.4244,9.480426
4,24,304,4.3,32.1051,32.0404,52.0959,84.0389,32.0607,52.1243,32.0717,32.108,32.8921,36.4784,98.4451,9.57523
4,25,305,4.3125,32.1207,32.0883,52.1404,84.0643,32.0892,52.0807,32.2424,32.1295,32.9409,36.4165,98.4432,9.670982
4,26,306,4.325,32.1126,32.1438,52.2821,83.8832,32.0745,52.1771,32.0503,31.998,32.7979,36.4621,98.4255,9.767692
4,27,307,4.3375,32.0749,32.0311,52.2293,84.1817,32.0492,52.0837,32.2063,32.1721,32.8906,36.4871,98.438,9.865369
4,28,308,4.35,32.0443,32.0894,52.2625,83.8597,32.0558,52.1537,32.1182,32.0859,32.8526,36.641,98.4521,9.964023
4,29,309,4.3625,32.019,32.0033,51.9887,83.7207,32.2284,52.1896,32.2668,32.0257,32.8585,36.3974,98.4446,10.063663
4,30,310,4.375,32.1183,32.1257,52.3051,84.0246,32.0662,52.0032,32.13,32.208,32.8961,36.4481,98.4299,10.164299
4,31,311,4.3875,32.1215,32.0843,52.2758,83.931,32.1447,51.984,32.2,32.0427,32.8193,36.5198,98.4094,10.265942
4,32,312,4.4,32.159,32.1217,52.1535,83.8035,32.0978,51.9802,31.9853,32.1625,32.8739,36.306,98.4254,10.368602
4,33,313,4.4125,31.9969,32.0761,52.2617,84.0883,31.9187,52.1498,32.0201,31.9806,32.885,36.5071,98.4507,10.472288
4,34,314,4.425,32.0889,32.0278,52.3492,83.9202,32.0885,52.2183,32.1259,32.0956,32.8466,36.5013,98.4356,10.577011
4,35,315,4.4375,32.2354,32.0579,52.0313,83.9263,32.0776,52.1634,32.1651,32.0696,32.9069,36.4548,98.4282,10.682781
4,36,316,4.45,32.1358,32.0568,52.3778,83.9944,32.1122,52.2123,32.061,32.109,32.7202,36.3373,98.4305,10.789609
4,37,317,4.4625,32.0665,32.0656,52.128,83.8121,32.0668,52.0222,32.0967,32.1981,32.6824,36.47,98.4296,10.897505
4,38,318,4.475,32.0866,32.0015,52.174,84.4386,32.0111,52.1911,32.1333,32.0807,32.7967,36.4291,98.4492,11.00648
4,39,319,4.4875,32.0848,32.1615,52.1196,84.0192,32.1297,52.1901,32.0912,32.2154,32.8531,36.4836,98.4257,11.116545
4,40,320,4.5,32.0735,32.1648,52.1638,83.7548,32.105,52.3638,32.0583,32.1745,32.8233,36.4481,98.4173,11.22771
4,41,321,4.5125,32.1431,32.0156,52.3577,83.9443,32.1754,52.0431,32.0007,32.0359,32.8796,36.4384,98.4321,11.339987
4,42,322,4.525,32.0644,32.0952,52.1257,83.9965,32.1449,52.2335,32.1907,32.1595,32.849,36.4832,98.4257,11.453387
4,43,323,4.5375,32.1511,32.1365,52.2279,84.0503,32.0473,52.1067,32.1436,32.0383,33.0219,36.4556,98.4203,11.567921
4,44,324,4.55,32.0917,32.0574,52.418,83.891,32.1877,52.2482,32.2086,32.1045,32.9017,36.5332,98.4357,11.6836
4,45,325,4.5625,32.0015,32.1585,52.2008,83.8256,32.0312,52.3266,32.2029,32.1216,32.8742,36.5608,98.4251,11.800436
4,46,326,4.575,32.0531,32.193,52.2618,83.9712,32.2276,52.1561,32.0376,32.2018,32.8629,36.4524,98.4374,11.91844
4,47,327,4.5875,32.1232,32.12,52.2125,84.0797,32.0582,52.1926,32.0724,32.178,32.6561,36.5692,98.4368,12.037625
4,48,328,4.6,32.0772,32.046,52.3418,84.0712,32.0733,52.2476,32.1198,32.1551,32.7545,36.5087,98.4348,12.158001
4,49,329,4.6125,32.122,32.0325,52.0514,84.3435,32.114,52.0785,31.9659,32.21,32.8648,36.5261,98.4303,12.279581
4,50,330,4.625,32.0818,32.1037,52.1449,84.0086,31.9752,52.1489,32.0904,32.0998,32.8206,36.4545,98.4385,12.402377
4,51,331,4.6375,32.0871,32.1222,52.1713,84.0596,32.0094,51.9141,32.1012,32.1617,32.8438,36.5458,98.4225,12.526401
4,52,332,4.65,32.0983,32.0475,52.1503,83.6364,31.9938,52.124,32.1394,31.9656,32.8383,36.4458,98.4143,12.651665
4,53,333,4.6625,32.1977,32.1135,52.0379,83.9395,32.1158,52.07,32.0018,32.0212,32.7336,36.3811,98.4171,12.778181
4,54,334,4.675,32.0934,32.1386,52.2346,84.1771,32.1265,52.157,32.1402,32.0064,32.9077,36.6044,98.4239,12.905963
4,55,335,4.6875,31.9443,32.2015,52.252,83.678,32.1024,52.1289,32.1338,32.1273,32.7145,36.4935,98.442,13.035023
4,56,336,4.7,32.1385,32.081,52.3127,83.7377,32.1473,51.9055,32.1729,32.1629,32.8895,36.5272,98.4369,13.165373
4,57,337,4.7125,32.1023,32.2177,52.2257,83.9539,32.0812,52.107,32.0913,32.1769,32.9484,36.5827,98.4353,13.297027
4,58,338,4.725,32.1166,32.0347,52.442,83.8909,32.1593,52.1989,32.0949,32.1225,32.75,36.5415,98.4436,13.429997
4,59,339,4.7375,32.1031,32.1456,52.2755,83.9997,32.0292,52.0396,32.0373,32.0964,32.8621,36.4162,98.4278,13.564297
4,60,340,4.75,32.1083,32.1636,52.0839,83.9256,32.0631,52.2819,31.9729,32.1485,32.9191,36.513,98.4417,13.69994
4,61,341,4.7625,32.1625,32.1066,52.1326,84.1119,32.0039,52.0151,32.1336,32.089,32.8693,36.4496,98.4326,13.836939
4,62,342,4.775,32.1096,32.1003,52.2448,84.0936,32.0447,52.2309,32.0489,32.112,32.7551,36.56,98.4382,13.975309
4,63,343,4.7875,32.0444,32.1874,52.0606,83.9188,32.1874,51.9564,32.0475,32.0743,32.8001,36.4721,98.4426,14.115062
4,64,344,4.8,32.1737,32.1776,52.1532,83.5219,32.1334,52.0774,32.0585,32.0169,32.7492,36.3373,98.4259,14.256213
4,65,345,4.8125,32.1195,32.0575,52.2833,84.179,32.1381,52.2577,32.011,32.0461,32.817,36.4585,98.4319,14.398775
4,66,346,4.825,32.0595,32.0016,52.1044,83.8686,32.1485,51.9982,32.0045,31.9807,32.8393,36.5053,98.4233,14.542762
4,67,347,4.8375,32.0766,32.0681,52.1407,83.8818,32.1544,52.0101,32.2139,32.2099,32.8572,36.4679,98.4271,14.68819
4,68,348,4.85,32.0591,32.133,52.2778,83.8941,32.0906,52.0237,32.1503,32.0588,32.7641,36.4923,98.425,14.835072
4,69,349,4.8625,32.0895,32.0334,52.2233,83.6872,32.1127,52.0241,32.0095,32.1842,32.7392,36.4864,98.4152,14.983423
4,70,350,4.875,32.0826,32.1117,52.1266,83.8887,32.1457,52.2022,32.1222,32.0991,32.89,36.6109,98.4317,15.133257
4,71,351,4.8875,32.0933,32.1418,52.2182,84.1535,32.0863,52.0428,32.0434,32.1155,32.8656,36.5059,98.4298,15.284589
4,72,352,4.9,32.1365,32.0524,52.1821,84.0551,32.165,52.2233,32.1854,32.0972,32.903,36.4444,98.4204,15.437435
4,73,353,4.9125,31.9154,32.0961,52.2923,83.8173,32.2206,52.1414,32.127,32.0439,32.8716,36.4517,98.4191,15.59181
4,74,354,4.925,32.0812,32.1028,52.2287,84.0362,32.134,52.1619,32.0629,31.9806,32.8284,36.3392,98.4198,15.747728
4,75,355,4.9375,32.1046,32.0764,52.3532,83.803,32.0998,52.036,32.1031,32.1667,32.851,36.4247,98.4168,15.905205
4,76,356,4.95,32.0419,32.1524,52.301,83.8972,31.9077,52.1153,32.1093,32.1457,32.832,36.4332,98.4173,16.064257
4,77,357,4.9625,32.0681,32.1047,52.3681,84.0123,32.0705,52.1022,32.1119,32.0903,32.9253,36.5391,98.4321,16.2249
4,78,358,4.975,32.0985,32.0678,52.327,83.8586,32.0879,52.1556,32.1559,32.0649,32.7908,36.526,98.4349,16.387149
4,79,359,4.9875,32.0849,32.0389,52.3297,83.7414,32.0522,52.1603,32.1124,32.0507,32.8768,36.4653,98.4333,16.55102
4,80,360,5.0,32.1525,32.1281,52.2402,83.9029,32.1861,52.1148,32.1765,32.0935,32.7718,36.4542,98.4322,16.71653
